accountNumber,name,pin,amount
16159157572,AccountName_16159157572,1234,6000.0
16159388216,AccountName_16159388216,1234,0.0
16159388565,AccountName_16159388565,1234,0.0
16159389064,AccountName_16159389064,1234,0.0
161593705787,AccountName_161593705787,1234,21000.0
161593705838,AccountName_161593705838,1234,21000.0
161593705887,AccountName_161593705887,1234,21000.0
161593747196,AccountName_161593747196,1234,0.0
161593880250,AccountName_161593880250,1234,0.0
161593880626,AccountName_161593880626,1234,0.0
161593883676,AccountName_161593883676,1234,0.0
161593884282,AccountName_161593884282,1234,0.0
161593884472,AccountName_161593884472,1234,0.0
161593885663,AccountName_161593885663,1234,0.0
161593887855,AccountName_161593887855,1234,0.0
161593887999,AccountName_161593887999,1234,0.0
161593888218,AccountName_161593888218,1234,0.0
161593888982,AccountName_161593888982,1234,0.0
161593889394,AccountName_161593889394,1234,0.0
161593890112,AccountName_161593890112,1234,0.0
161593890716,AccountName_161593890716,1234,0.0
161593890739,AccountName_161593890739,1234,0.0
161593890955,AccountName_161593890955,1234,0.0
161593891110,AccountName_161593891110,1234,0.0
1615937056757,AccountName_1615937056757,1234,21000.0
1615937057216,AccountName_1615937057216,1234,21000.0
1615937057333,AccountName_1615937057333,1234,21000.0
1615937057799,AccountName_1615937057799,1234,21000.0
1615937057940,AccountName_1615937057940,1234,21000.0
1615937058126,AccountName_1615937058126,1234,6000.0
1615937058498,AccountName_1615937058498,1234,16000.0
1615937471130,AccountName_1615937471130,1234,0.0
1615937471277,AccountName_1615937471277,1234,0.0
1615937471348,AccountName_1615937471348,1234,0.0
1615937471409,AccountName_1615937471409,1234,0.0
1615937471470,AccountName_1615937471470,1234,0.0
1615937471608,AccountName_1615937471608,1234,0.0
1615937471714,AccountName_1615937471714,1234,0.0
1615937471717,AccountName_1615937471717,1234,0.0
1615937471744,AccountName_1615937471744,1234,0.0
1615937471952,AccountName_1615937471952,1234,0.0
1615937471970,AccountName_1615937471970,1234,0.0
1615937471982,AccountName_1615937471982,1234,0.0
1615937472126,AccountName_1615937472126,1234,0.0
1615937472363,AccountName_1615937472363,1234,0.0
1615937472401,AccountName_1615937472401,1234,0.0
1615937472441,AccountName_1615937472441,1234,0.0
1615937472582,AccountName_1615937472582,1234,0.0
1615937472687,AccountName_1615937472687,1234,0.0
1615938793500,AccountName_1615938793500,1234,0.0
1615938793581,AccountName_1615938793581,1234,0.0
1615938793800,AccountName_1615938793800,1234,0.0
1615938793870,AccountName_1615938793870,1234,0.0
1615938794457,AccountName_1615938794457,1234,0.0
1615938794755,AccountName_1615938794755,1234,0.0
1615938794992,AccountName_1615938794992,1234,0.0
1615938796581,AccountName_1615938796581,1234,0.0
1615938796697,AccountName_1615938796697,1234,0.0
1615938796723,AccountName_1615938796723,1234,0.0
1615938797732,AccountName_1615938797732,1234,0.0
1615938797949,AccountName_1615938797949,1234,0.0
1615938798101,AccountName_1615938798101,1234,0.0
1615938798172,AccountName_1615938798172,1234,0.0
1615938799369,AccountName_1615938799369,1234,0.0
1615938799494,AccountName_1615938799494,1234,0.0
1615938799517,AccountName_1615938799517,1234,0.0
1615938801119,AccountName_1615938801119,1234,0.0
1615938801166,AccountName_1615938801166,1234,0.0
1615938801277,AccountName_1615938801277,1234,0.0
1615938802278,AccountName_1615938802278,1234,0.0
1615938803153,AccountName_1615938803153,1234,0.0
1615938803366,AccountName_1615938803366,1234,0.0
1615938804283,AccountName_1615938804283,1234,0.0
1615938804787,AccountName_1615938804787,1234,0.0
1615938804849,AccountName_1615938804849,1234,0.0
1615938806195,AccountName_1615938806195,1234,0.0
1615938806519,AccountName_1615938806519,1234,0.0
1615938807565,AccountName_1615938807565,1234,0.0
1615938807570,AccountName_1615938807570,1234,0.0
1615938808316,AccountName_1615938808316,1234,0.0
1615938808542,AccountName_1615938808542,1234,0.0
1615938809261,AccountName_1615938809261,1234,0.0
1615938809380,AccountName_1615938809380,1234,0.0
1615938809721,AccountName_1615938809721,1234,0.0
1615938811324,AccountName_1615938811324,1234,0.0
1615938811578,AccountName_1615938811578,1234,0.0
1615938811986,AccountName_1615938811986,1234,0.0
1615938812158,AccountName_1615938812158,1234,0.0
1615938812674,AccountName_1615938812674,1234,0.0
1615938813135,AccountName_1615938813135,1234,0.0
1615938813464,AccountName_1615938813464,1234,0.0
1615938814121,AccountName_1615938814121,1234,0.0
1615938814489,AccountName_1615938814489,1234,0.0
1615938814496,AccountName_1615938814496,1234,0.0
1615938816395,AccountName_1615938816395,1234,0.0
1615938816742,AccountName_1615938816742,1234,0.0
1615938816857,AccountName_1615938816857,1234,0.0
1615938817174,AccountName_1615938817174,1234,0.0
1615938817739,AccountName_1615938817739,1234,0.0
1615938818183,AccountName_1615938818183,1234,0.0
1615938818349,AccountName_1615938818349,1234,0.0
1615938819349,AccountName_1615938819349,1234,0.0
1615938819736,AccountName_1615938819736,1234,0.0
1615938819760,AccountName_1615938819760,1234,0.0
1615938821410,AccountName_1615938821410,1234,0.0
1615938821543,AccountName_1615938821543,1234,0.0
1615938822371,AccountName_1615938822371,1234,0.0
1615938822513,AccountName_1615938822513,1234,0.0
1615938823513,AccountName_1615938823513,1234,0.0
1615938823714,AccountName_1615938823714,1234,0.0
1615938824261,AccountName_1615938824261,1234,0.0
1615938824567,AccountName_1615938824567,1234,0.0
1615938824778,AccountName_1615938824778,1234,0.0
1615938826313,AccountName_1615938826313,1234,0.0
1615938826721,AccountName_1615938826721,1234,0.0
1615938826752,AccountName_1615938826752,1234,0.0
1615938827483,AccountName_1615938827483,1234,0.0
1615938827544,AccountName_1615938827544,1234,0.0
1615938828697,AccountName_1615938828697,1234,0.0
1615938828924,AccountName_1615938828924,1234,0.0
1615938829139,AccountName_1615938829139,1234,0.0
1615938829167,AccountName_1615938829167,1234,0.0
1615938829818,AccountName_1615938829818,1234,0.0
1615938831494,AccountName_1615938831494,1234,0.0
1615938831502,AccountName_1615938831502,1234,0.0
1615938831616,AccountName_1615938831616,1234,0.0
1615938832602,AccountName_1615938832602,1234,0.0
1615938832828,AccountName_1615938832828,1234,0.0
1615938833478,AccountName_1615938833478,1234,0.0
1615938833557,AccountName_1615938833557,1234,0.0
1615938834205,AccountName_1615938834205,1234,0.0
1615938834449,AccountName_1615938834449,1234,0.0
1615938834568,AccountName_1615938834568,1234,0.0
1615938836387,AccountName_1615938836387,1234,0.0
1615938836995,AccountName_1615938836995,1234,0.0
1615938837366,AccountName_1615938837366,1234,0.0
1615938837879,AccountName_1615938837879,1234,0.0
1615938838584,AccountName_1615938838584,1234,0.0
1615938838802,AccountName_1615938838802,1234,0.0
1615938839279,AccountName_1615938839279,1234,0.0
1615938839380,AccountName_1615938839380,1234,0.0
1615938839442,AccountName_1615938839442,1234,0.0
1615938841232,AccountName_1615938841232,1234,0.0
1615938841407,AccountName_1615938841407,1234,0.0
1615938841497,AccountName_1615938841497,1234,0.0
1615938842429,AccountName_1615938842429,1234,0.0
1615938843453,AccountName_1615938843453,1234,0.0
1615938843519,AccountName_1615938843519,1234,0.0
1615938844293,AccountName_1615938844293,1234,0.0
1615938844832,AccountName_1615938844832,1234,0.0
1615938846146,AccountName_1615938846146,1234,0.0
1615938846309,AccountName_1615938846309,1234,0.0
1615938846637,AccountName_1615938846637,1234,0.0
1615938847545,AccountName_1615938847545,1234,0.0
1615938847905,AccountName_1615938847905,1234,0.0
1615938848411,AccountName_1615938848411,1234,0.0
1615938848699,AccountName_1615938848699,1234,0.0
1615938849145,AccountName_1615938849145,1234,0.0
1615938849306,AccountName_1615938849306,1234,0.0
1615938849442,AccountName_1615938849442,1234,0.0
1615938851503,AccountName_1615938851503,1234,0.0
1615938851856,AccountName_1615938851856,1234,0.0
1615938851893,AccountName_1615938851893,1234,0.0
1615938852241,AccountName_1615938852241,1234,0.0
1615938852922,AccountName_1615938852922,1234,0.0
1615938853567,AccountName_1615938853567,1234,0.0
1615938853699,AccountName_1615938853699,1234,0.0
1615938854351,AccountName_1615938854351,1234,0.0
1615938854852,AccountName_1615938854852,1234,0.0
1615938854980,AccountName_1615938854980,1234,0.0
1615938856204,AccountName_1615938856204,1234,0.0
1615938857845,AccountName_1615938857845,1234,0.0
1615938857857,AccountName_1615938857857,1234,0.0
1615938858528,AccountName_1615938858528,1234,0.0
1615938858706,AccountName_1615938858706,1234,0.0
1615938859139,AccountName_1615938859139,1234,0.0
1615938859580,AccountName_1615938859580,1234,0.0
1615938859988,AccountName_1615938859988,1234,0.0
1615938861110,AccountName_1615938861110,1234,0.0
1615938861148,AccountName_1615938861148,1234,0.0
1615938861570,AccountName_1615938861570,1234,0.0
1615938862207,AccountName_1615938862207,1234,0.0
1615938862872,AccountName_1615938862872,1234,0.0
1615938863494,AccountName_1615938863494,1234,0.0
1615938863836,AccountName_1615938863836,1234,0.0
1615938864158,AccountName_1615938864158,1234,0.0
1615938864668,AccountName_1615938864668,1234,0.0
1615938864780,AccountName_1615938864780,1234,0.0
1615938866159,AccountName_1615938866159,1234,0.0
1615938866336,AccountName_1615938866336,1234,0.0
1615938866489,AccountName_1615938866489,1234,0.0
1615938867235,AccountName_1615938867235,1234,0.0
1615938867426,AccountName_1615938867426,1234,0.0
1615938868262,AccountName_1615938868262,1234,0.0
1615938868513,AccountName_1615938868513,1234,0.0
1615938869371,AccountName_1615938869371,1234,0.0
1615938869398,AccountName_1615938869398,1234,0.0
1615938869610,AccountName_1615938869610,1234,0.0
1615938871630,AccountName_1615938871630,1234,0.0
1615938871841,AccountName_1615938871841,1234,0.0
1615938871867,AccountName_1615938871867,1234,0.0
1615938872446,AccountName_1615938872446,1234,0.0
1615938872608,AccountName_1615938872608,1234,0.0
1615938873610,AccountName_1615938873610,1234,0.0
1615938873847,AccountName_1615938873847,1234,0.0
1615938874315,AccountName_1615938874315,1234,0.0
1615938874591,AccountName_1615938874591,1234,0.0
1615938874612,AccountName_1615938874612,1234,0.0
1615938876271,AccountName_1615938876271,1234,0.0
1615938876341,AccountName_1615938876341,1234,0.0
1615938876548,AccountName_1615938876548,1234,0.0
1615938877400,AccountName_1615938877400,1234,0.0
1615938877894,AccountName_1615938877894,1234,0.0
1615938878590,AccountName_1615938878590,1234,0.0
1615938879337,AccountName_1615938879337,1234,0.0
1615938879509,AccountName_1615938879509,1234,0.0
1615938881285,AccountName_1615938881285,1234,0.0
1615938881574,AccountName_1615938881574,1234,0.0
1615938881792,AccountName_1615938881792,1234,0.0
1615938882872,AccountName_1615938882872,1234,0.0
1615938883528,AccountName_1615938883528,1234,0.0
1615938883961,AccountName_1615938883961,1234,0.0
1615938884626,AccountName_1615938884626,1234,0.0
1615938884654,AccountName_1615938884654,1234,0.0
1615938884690,AccountName_1615938884690,1234,0.0
1615938886100,AccountName_1615938886100,1234,0.0
1615938886262,AccountName_1615938886262,1234,0.0
1615938886942,AccountName_1615938886942,1234,0.0
1615938887778,AccountName_1615938887778,1234,0.0
1615938887946,AccountName_1615938887946,1234,0.0
1615938888325,AccountName_1615938888325,1234,0.0
1615938888482,AccountName_1615938888482,1234,0.0
1615938889433,AccountName_1615938889433,1234,0.0
1615938889678,AccountName_1615938889678,1234,0.0
1615938891189,AccountName_1615938891189,1234,0.0
1615938891360,AccountName_1615938891360,1234,0.0
1615938891503,AccountName_1615938891503,1234,0.0
1615938892147,AccountName_1615938892147,1234,0.0
1615938892785,AccountName_1615938892785,1234,0.0
1615938893368,AccountName_1615938893368,1234,0.0
1615938894265,AccountName_1615938894265,1234,0.0
1615938894508,AccountName_1615938894508,1234,0.0
1615938894698,AccountName_1615938894698,1234,0.0
1615938896209,AccountName_1615938896209,1234,0.0
1615938896752,AccountName_1615938896752,1234,0.0
1615938896783,AccountName_1615938896783,1234,0.0
1615938897602,AccountName_1615938897602,1234,0.0
1615938897731,AccountName_1615938897731,1234,0.0
1615938898868,AccountName_1615938898868,1234,0.0
1615938898944,AccountName_1615938898944,1234,0.0
1615938899323,AccountName_1615938899323,1234,0.0
1615938899395,AccountName_1615938899395,1234,0.0
1615938899718,AccountName_1615938899718,1234,0.0
1615938901235,AccountName_1615938901235,1234,0.0
1615938901736,AccountName_1615938901736,1234,0.0
1615938902161,AccountName_1615938902161,1234,0.0
1615938902997,AccountName_1615938902997,1234,0.0
1615938903264,AccountName_1615938903264,1234,0.0
1615938903555,AccountName_1615938903555,1234,0.0
1615938904243,AccountName_1615938904243,1234,0.0
1615938904256,AccountName_1615938904256,1234,0.0
1615938904873,AccountName_1615938904873,1234,0.0
1615938906197,AccountName_1615938906197,1234,0.0
1615938906960,AccountName_1615938906960,1234,0.0
1615938908894,AccountName_1615938908894,1234,0.0
1615938908930,AccountName_1615938908930,1234,0.0
1615938909212,AccountName_1615938909212,1234,0.0
1615938909635,AccountName_1615938909635,1234,0.0
1615938911524,AccountName_1615938911524,1234,0.0
1615938911969,AccountName_1615938911969,1234,0.0
1615938912157,AccountName_1615938912157,1234,0.0
1615938912170,AccountName_1615938912170,1234,0.0
1615938912573,AccountName_1615938912573,1234,0.0
1615997864913,AccountName_1615997864913,1234,0.0
1615997993352,AccountName_1615997993352,1234,0.0
1615998042738,AccountName_1615998042738,1234,0.0
1615998304723,AccountName_1615998304723,1234,0.0
1615998349258,AccountName_1615998349258,1234,0.0
1615998491874,AccountName_1615998491874,1234,0.0
1615998575399,AccountName_1615998575399,1234,0.0
